portfolio_id,company_id,asset_type,ald_sector,ald_business_unit,ald_location,exposure_value_usd,expiration_date,loss_given_default,pd_portfolio
portfolio_A,60,fixed_income,Power,RenewablesCap,SX,11912306,2023-09-01,0.7680689349470458,NA
portfolio_A,60,fixed_income,Power,RenewablesCap,PW,11912306,2023-09-01,0.4781335675616014,NA
portfolio_A,30,fixed_income,Automotive,FuelCell,GT,90749059,2029-08-01,0.5932406472850014,NA
portfolio_A,26,fixed_income,Oil&Gas,Oil,TD,62001700,2027-04-01,0.697833073255974,NA
portfolio_A,26,fixed_income,Oil&Gas,Oil,GS,62001700,2027-04-01,0.6384532984176975,NA
portfolio_A,69,fixed_income,Power,GasCap,GT,55158147,2028-05-01,0.4202604197948215,NA
portfolio_A,31,fixed_income,Coal,Coal,GT,77463234,2029-06-01,0.18055588238080297,NA
portfolio_A,88,fixed_income,Power,GasCap,GT,30066797,2023-09-01,0.5189002216279507,NA
portfolio_A,75,fixed_income,Power,GasCap,SK,34781149,2028-01-01,0.7659149220381043,NA
portfolio_A,75,fixed_income,Power,GasCap,OM,34781149,2028-01-01,0.5520045994233433,NA
portfolio_A,75,fixed_income,Power,GasCap,LS,34781149,2028-01-01,0.36127600675625177,NA
portfolio_A,75,fixed_income,Power,GasCap,MT,34781149,2028-01-01,0.2940312679570044,NA
portfolio_A,75,fixed_income,Power,GasCap,TV,34781149,2028-01-01,0.0033581885515801173,NA
portfolio_A,75,fixed_income,Power,GasCap,VG,34781149,2028-01-01,0.4510868233182973,NA
portfolio_A,75,fixed_income,Power,GasCap,AL,34781149,2028-01-01,0.6802194064271686,NA
portfolio_A,75,fixed_income,Power,GasCap,NE,34781149,2028-01-01,0.8654485027373001,NA
portfolio_A,35,fixed_income,Power,OilCap,DM,87861996,2028-10-01,0.9338173115624144,NA
portfolio_A,35,fixed_income,Power,OilCap,BQ,87861996,2028-10-01,0.4763609941112002,NA
portfolio_A,10,fixed_income,Automotive,ICE,GT,81387439,2025-02-01,0.21232014962290235,NA
portfolio_A,92,fixed_income,Power,CoalCap,LS,55716906,2026-04-01,0.7584231334448087,NA
portfolio_A,92,fixed_income,Power,CoalCap,ML,55716906,2026-04-01,0.13163490242957904,NA
portfolio_A,66,fixed_income,Power,CoalCap,GT,69521965,2025-11-01,0.908595838260407,NA
portfolio_A,16,fixed_income,Power,NuclearCap,GT,43176483,2024-03-01,0.038067787882821044,NA
portfolio_A,39,fixed_income,Oil&Gas,Oil,LR,15084041,2026-07-01,0.8838794044267562,NA
portfolio_A,39,fixed_income,Oil&Gas,Oil,BT,15084041,2026-07-01,0.7071797320846297,NA
portfolio_A,100,fixed_income,Power,HydroCap,GT,25957716,2028-11-01,0.8722195673328669,NA
portfolio_A,19,fixed_income,Automotive,Electric,IL,13171726,2029-10-01,0.1739476329946979,NA
portfolio_A,19,fixed_income,Automotive,Electric,FJ,13171726,2029-10-01,0.11921953292390763,NA
portfolio_A,41,fixed_income,Automotive,Hybrid,GT,20631278,2025-06-01,0.0200022261113902,NA
portfolio_A,54,fixed_income,Automotive,ICE,GT,72980454,2028-06-01,0.731068041801258,NA
portfolio_A,64,fixed_income,Power,HydroCap,ME,56478470,2023-01-01,0.08588375057257697,NA
portfolio_A,56,fixed_income,Power,HydroCap,IT,79363553,2023-04-01,0.22282006310011201,NA
portfolio_A,86,fixed_income,Power,HydroCap,MZ,71635469,2029-11-01,0.6783607894810912,NA
portfolio_A,86,fixed_income,Power,HydroCap,SN,71635469,2029-11-01,0.13872656480970713,NA
portfolio_A,31,fixed_income,Oil&Gas,Oil,GT,17079263,2027-01-01,0.2521867700607745,NA
portfolio_A,9,fixed_income,Oil&Gas,Oil,GT,58396674,2025-04-01,0.559182664324,NA
portfolio_A,71,fixed_income,Power,HydroCap,GT,57673755,2024-11-01,0.18831977758617222,NA
portfolio_A,55,fixed_income,Power,RenewablesCap,GT,5369060,2026-02-01,0.07383196474338587,NA
portfolio_A,89,fixed_income,Power,HydroCap,GT,32532743,2026-10-01,0.6495139779808329,NA
portfolio_A,43,fixed_income,Power,NuclearCap,GT,38737176,2022-08-01,0.254303161030165,NA
portfolio_A,46,fixed_income,Oil&Gas,Gas,NF,18375047,2026-10-01,0.4985728931585369,NA
portfolio_A,46,fixed_income,Oil&Gas,Gas,GE,18375047,2026-10-01,0.5011965746029466,NA
portfolio_A,46,fixed_income,Oil&Gas,Gas,RE,18375047,2026-10-01,0.3890905850183942,NA
portfolio_A,46,fixed_income,Oil&Gas,Gas,CV,18375047,2026-10-01,0.3272412093035738,NA
portfolio_A,83,fixed_income,Power,RenewablesCap,GT,66868808,2024-06-01,0.5081436736005979,NA
portfolio_A,69,fixed_income,Automotive,Electric,GT,38370174,2025-06-01,0.35155999261229093,NA
portfolio_A,97,fixed_income,Power,CoalCap,GT,38826731,2025-05-01,0.40711960378747664,NA
portfolio_A,93,fixed_income,Power,GasCap,GT,64185330,2026-08-01,0.6519459322377774,NA
portfolio_A,60,fixed_income,Power,CoalCap,SX,62455710,2025-08-01,0.6737095503397391,NA
portfolio_A,60,fixed_income,Power,CoalCap,PW,62455710,2025-08-01,0.22867255376304937,NA
portfolio_A,25,fixed_income,Power,GasCap,GT,38292536,2023-02-01,0.4456843738004008,NA
portfolio_A,19,fixed_income,Coal,Coal,IL,70933062,2028-09-01,0.9734900189987391,NA
portfolio_A,19,fixed_income,Coal,Coal,FJ,70933062,2028-09-01,0.512896108623083,NA
portfolio_A,54,fixed_income,Power,NuclearCap,GT,41762480,2023-02-01,0.2363757737683498,NA
portfolio_A,15,fixed_income,Coal,Coal,VC,63607291,2029-01-01,0.7790912794103687,NA
portfolio_A,15,fixed_income,Coal,Coal,AI,63607291,2029-01-01,0.11679101268612593,NA
portfolio_A,15,fixed_income,Coal,Coal,R2,63607291,2029-01-01,0.9257527393295223,NA
portfolio_A,15,fixed_income,Coal,Coal,MC,63607291,2029-01-01,0.8434555536691125,NA
portfolio_A,76,fixed_income,Automotive,Electric,GN,40082549,2027-02-01,0.9004599034352421,NA
portfolio_A,76,fixed_income,Automotive,Electric,YU,40082549,2027-02-01,0.9197143238515897,NA
portfolio_A,76,fixed_income,Automotive,Electric,HK,40082549,2027-02-01,0.8350790358712069,NA
portfolio_A,21,fixed_income,Oil&Gas,Oil,GT,8624131,2022-07-01,0.9600705473189765,NA
portfolio_A,89,fixed_income,Power,CoalCap,GT,67946303,2030-01-01,0.9266720478428323,NA
portfolio_A,13,fixed_income,Power,HydroCap,KG,86329220,2024-04-01,0.021649378816341897,NA
portfolio_A,13,fixed_income,Power,HydroCap,PN,86329220,2024-04-01,0.23008620224531867,NA
portfolio_A,13,fixed_income,Power,HydroCap,WS,86329220,2024-04-01,0.7760903375846412,NA
portfolio_A,13,fixed_income,Power,HydroCap,AS,86329220,2024-04-01,0.6708742596007128,NA
portfolio_A,13,fixed_income,Power,HydroCap,BZ,86329220,2024-04-01,0.0219744879274542,NA
portfolio_A,84,fixed_income,Power,NuclearCap,1Q,5407500,2027-08-01,0.9848062604612424,NA
portfolio_A,84,fixed_income,Power,NuclearCap,TZ,5407500,2027-08-01,0.12334501672321674,NA
portfolio_A,63,fixed_income,Automotive,FuelCell,GT,65579074,2022-02-01,0.6987605906792866,NA
portfolio_A,60,fixed_income,Power,OilCap,SX,25804493,2026-06-01,0.7767532138776374,NA
portfolio_A,60,fixed_income,Power,OilCap,PW,25804493,2026-06-01,0.07787060806772564,NA
portfolio_A,14,fixed_income,Oil&Gas,Oil,GT,45059025,2029-09-01,0.3488046715159403,NA
portfolio_A,85,fixed_income,Power,RenewablesCap,GT,1727466,2024-02-01,0.9236727975317308,NA
portfolio_A,51,fixed_income,Power,OilCap,TN,98403262,2029-06-01,0.9859278673717304,NA
portfolio_A,51,fixed_income,Power,OilCap,MQ,98403262,2029-06-01,0.7725762800940214,NA
portfolio_A,51,fixed_income,Power,OilCap,RW,98403262,2029-06-01,0.9136251724809343,NA
portfolio_A,51,fixed_income,Power,OilCap,UM,98403262,2029-06-01,0.06996937654305782,NA
portfolio_A,51,fixed_income,Power,OilCap,MD,98403262,2029-06-01,0.5917245945305586,NA
portfolio_A,39,fixed_income,Power,RenewablesCap,LR,22956032,2023-06-01,0.6956298047915419,NA
portfolio_A,39,fixed_income,Power,RenewablesCap,BT,22956032,2023-06-01,0.016959289786624296,NA
portfolio_A,65,fixed_income,Automotive,Electric,MZ,89117884,2026-01-01,0.5213620294300216,NA
portfolio_A,65,fixed_income,Automotive,Electric,SM,89117884,2026-01-01,0.12173151782515665,NA
portfolio_A,65,fixed_income,Automotive,Electric,CM,89117884,2026-01-01,0.6669675437069894,NA
portfolio_A,65,fixed_income,Automotive,Electric,SR,89117884,2026-01-01,0.14104228209310957,NA
portfolio_A,80,fixed_income,Automotive,Hybrid,GT,69943612,2028-08-01,0.7894603036488019,NA
portfolio_A,21,fixed_income,Power,HydroCap,GT,9231782,2022-07-01,0.9958573851204245,NA
portfolio_A,6,fixed_income,Automotive,FuelCell,SI,98290172,2027-09-01,0.3670705256157235,NA
portfolio_A,6,fixed_income,Automotive,FuelCell,NA,98290172,2027-09-01,0.3240573643389441,NA
portfolio_A,6,fixed_income,Automotive,FuelCell,TO,98290172,2027-09-01,0.3755702369011416,NA
portfolio_A,74,fixed_income,Automotive,FuelCell,GT,50191632,2023-03-01,0.7331437574900368,NA
portfolio_A,58,fixed_income,Oil&Gas,Gas,SH,46091637,2026-07-01,0.11499761835541808,NA
portfolio_A,58,fixed_income,Oil&Gas,Gas,CY,46091637,2026-07-01,0.3657583493845612,NA
portfolio_A,31,fixed_income,Power,HydroCap,GT,35844903,2022-09-01,0.47208357877086593,NA
portfolio_A,5,fixed_income,Power,CoalCap,KZ,39217273,2022-04-01,0.6169884832894081,NA
portfolio_A,5,fixed_income,Power,CoalCap,GD,39217273,2022-04-01,0.9409515744997463,NA
portfolio_A,5,fixed_income,Power,CoalCap,SO,39217273,2022-04-01,0.9776122617954889,NA
portfolio_A,5,fixed_income,Power,CoalCap,AD,39217273,2022-04-01,0.3550105262199171,NA
portfolio_A,3,fixed_income,Oil&Gas,Oil,GT,73558766,2024-05-01,0.7884042506716893,NA
portfolio_A,61,fixed_income,Power,OilCap,BW,43342318,2029-06-01,0.2633190925442775,NA
portfolio_A,61,fixed_income,Power,OilCap,AX,43342318,2029-06-01,0.46365814791134646,NA
portfolio_A,61,fixed_income,Power,OilCap,SV,43342318,2029-06-01,0.45726837259855485,NA
portfolio_A,61,fixed_income,Power,OilCap,MP,43342318,2029-06-01,0.761545625439366,NA
portfolio_A,61,fixed_income,Power,OilCap,BD,43342318,2029-06-01,0.8078576972833492,NA
portfolio_A,22,fixed_income,Power,GasCap,FJ,84220138,2022-06-01,0.1603410090167868,NA
portfolio_A,22,fixed_income,Power,GasCap,DE,84220138,2022-06-01,0.9226665416741859,NA
portfolio_A,22,fixed_income,Power,GasCap,BM,84220138,2022-06-01,0.9128392782547308,NA
portfolio_A,22,fixed_income,Power,GasCap,ID,84220138,2022-06-01,0.6845654362596888,NA
portfolio_A,25,fixed_income,Automotive,ICE,GT,62274417,2023-01-01,0.005890886998209066,NA
portfolio_A,8,fixed_income,Power,RenewablesCap,GT,55881352,2026-04-01,0.7106118811518041,NA
portfolio_A,49,fixed_income,Automotive,Hybrid,GT,28909110,2024-09-01,0.5221524433646793,NA
portfolio_A,59,fixed_income,Oil&Gas,Gas,BH,41770605,2022-06-01,0.16806826203395342,NA
portfolio_A,59,fixed_income,Oil&Gas,Gas,KI,41770605,2022-06-01,0.3126672142810799,NA
portfolio_A,59,fixed_income,Oil&Gas,Gas,AE,41770605,2022-06-01,0.8522948738268056,NA
portfolio_A,59,fixed_income,Oil&Gas,Gas,LC,41770605,2022-06-01,0.5566186522512786,NA
portfolio_A,59,fixed_income,Oil&Gas,Gas,BI,41770605,2022-06-01,0.14852348736949889,NA
portfolio_A,79,fixed_income,Automotive,ICE,TJ,34508703,2028-03-01,0.9002442589527406,NA
portfolio_A,79,fixed_income,Automotive,ICE,BA,34508703,2028-03-01,0.2608761435586794,NA
portfolio_A,79,fixed_income,Automotive,ICE,SM,34508703,2028-03-01,0.6121839610251446,NA
portfolio_A,79,fixed_income,Automotive,ICE,NR,34508703,2028-03-01,0.7347714034108346,NA
portfolio_A,79,fixed_income,Automotive,ICE,HT,34508703,2028-03-01,0.7458135550098417,NA
portfolio_A,17,fixed_income,Automotive,ICE,GT,15020792,2022-06-01,0.08096293801655387,NA
portfolio_A,12,fixed_income,Oil&Gas,Gas,SX,80923163,2028-10-01,0.407043725910532,NA
portfolio_A,12,fixed_income,Oil&Gas,Gas,PF,80923163,2028-10-01,0.15484264468241613,NA
portfolio_A,12,fixed_income,Oil&Gas,Gas,CF,80923163,2028-10-01,0.47924549011429823,NA
portfolio_A,67,fixed_income,Power,CoalCap,GT,18312401,2027-02-01,0.3049668941814459,NA
portfolio_A,20,fixed_income,Power,HydroCap,YT,81438771,2027-02-01,0.7510485611107425,NA
portfolio_A,20,fixed_income,Power,HydroCap,ZA,81438771,2027-02-01,0.7207948203877592,NA
portfolio_A,20,fixed_income,Power,HydroCap,GR,81438771,2027-02-01,0.595089150999242,NA
portfolio_A,20,fixed_income,Power,HydroCap,MS,81438771,2027-02-01,0.6042050914238662,NA
portfolio_A,45,fixed_income,Coal,Coal,GT,71316165,2023-06-01,0.6821139868601224,NA
portfolio_A,32,fixed_income,Automotive,Electric,GT,15307427,2028-02-01,0.5957487359982598,NA
portfolio_A,64,fixed_income,Power,RenewablesCap,ME,73378769,2027-03-01,0.8186255517995874,NA
portfolio_A,73,fixed_income,Power,GasCap,GT,82192663,2023-11-01,0.8109058732289194,NA
portfolio_A,98,fixed_income,Automotive,Electric,GT,69449456,2026-01-01,0.5894905283927403,NA
portfolio_A,48,fixed_income,Power,NuclearCap,TH,21396248,2023-04-01,0.8377916784120881,NA
portfolio_A,48,fixed_income,Power,NuclearCap,MN,21396248,2023-04-01,0.9202276104141743,NA
portfolio_A,48,fixed_income,Power,NuclearCap,DO,21396248,2023-04-01,0.11955618484700856,NA
portfolio_A,40,fixed_income,Coal,Coal,GT,5586506,2028-08-01,0.21366366346171348,NA
portfolio_A,75,fixed_income,Power,HydroCap,SK,48413891,2025-09-01,0.8846060902859457,NA
portfolio_A,75,fixed_income,Power,HydroCap,OM,48413891,2025-09-01,0.614369640065773,NA
portfolio_A,75,fixed_income,Power,HydroCap,LS,48413891,2025-09-01,0.032872690584053066,NA
portfolio_A,75,fixed_income,Power,HydroCap,MT,48413891,2025-09-01,0.5791720037239266,NA
portfolio_A,75,fixed_income,Power,HydroCap,TV,48413891,2025-09-01,0.9100821813590613,NA
portfolio_A,75,fixed_income,Power,HydroCap,VG,48413891,2025-09-01,0.9987097428112903,NA
portfolio_A,75,fixed_income,Power,HydroCap,AL,48413891,2025-09-01,0.3353695980875786,NA
portfolio_A,75,fixed_income,Power,HydroCap,NE,48413891,2025-09-01,0.09895828039417223,NA
portfolio_A,30,fixed_income,Power,OilCap,GT,66404083,2024-10-01,0.3553026271635125,NA
portfolio_A,46,fixed_income,Power,HydroCap,NF,16381160,2028-07-01,0.7905450709307015,NA
portfolio_A,46,fixed_income,Power,HydroCap,GE,16381160,2028-07-01,0.4369590007268697,NA
portfolio_A,46,fixed_income,Power,HydroCap,RE,16381160,2028-07-01,0.5685624149063735,NA
portfolio_A,46,fixed_income,Power,HydroCap,CV,16381160,2028-07-01,0.6538426603005881,NA
portfolio_A,81,fixed_income,Power,RenewablesCap,GT,99923418,2023-05-01,0.24738840267457532,NA
portfolio_A,8,fixed_income,Power,OilCap,GT,61216679,2029-12-01,0.7824254035169457,NA
portfolio_A,42,fixed_income,Power,CoalCap,GT,64991312,2029-03-01,0.324849472815026,NA
portfolio_A,99,fixed_income,Oil&Gas,Oil,PY,16104028,2024-03-01,0.9401954669962744,NA
portfolio_A,99,fixed_income,Oil&Gas,Oil,DZ,16104028,2024-03-01,0.38509704750898366,NA
portfolio_A,99,fixed_income,Oil&Gas,Oil,YT,16104028,2024-03-01,0.29015438465364934,NA
portfolio_A,99,fixed_income,Oil&Gas,Oil,TJ,16104028,2024-03-01,0.9699711337647237,NA
portfolio_A,99,fixed_income,Oil&Gas,Oil,BL,16104028,2024-03-01,0.8803720124118023,NA
portfolio_A,9,fixed_income,Automotive,Electric,GT,37583880,2026-06-01,0.9815204037769044,NA
portfolio_A,6,fixed_income,Power,NuclearCap,SI,75260299,2026-01-01,0.08981965202031005,NA
portfolio_A,6,fixed_income,Power,NuclearCap,NA,75260299,2026-01-01,0.7439173508159792,NA
portfolio_A,6,fixed_income,Power,NuclearCap,TO,75260299,2026-01-01,0.7942213855357301,NA
portfolio_A,55,fixed_income,Automotive,ICE,GT,73800514,2027-11-01,0.691450613016344,NA
portfolio_A,14,fixed_income,Power,OilCap,GT,86074709,2023-01-01,0.7855960509422025,NA
portfolio_A,21,fixed_income,Power,OilCap,GT,79522707,2025-10-01,0.21360272842264638,NA
portfolio_A,62,fixed_income,Power,OilCap,NP,75805144,2026-08-01,0.5167948640371006,NA
portfolio_A,92,fixed_income,Power,HydroCap,LS,80605268,2023-09-01,0.25415659670113677,NA
portfolio_A,92,fixed_income,Power,HydroCap,ML,80605268,2023-09-01,0.6193270745537327,NA
portfolio_A,83,fixed_income,Automotive,Electric,GT,79126268,2025-11-01,0.6147481740307115,NA
portfolio_A,12,fixed_income,Power,CoalCap,SX,73812865,2025-06-01,0.9724645045545064,NA
portfolio_A,12,fixed_income,Power,CoalCap,PF,73812865,2025-06-01,0.45262947883641996,NA
portfolio_A,12,fixed_income,Power,CoalCap,CF,73812865,2025-06-01,0.25136918502283584,NA
portfolio_A,70,fixed_income,Power,HydroCap,SZ,4884044,2026-08-01,0.05034914123417202,NA
portfolio_A,70,fixed_income,Power,HydroCap,IO,4884044,2026-08-01,0.700527862808763,NA
portfolio_A,19,fixed_income,Power,CoalCap,IL,21502395,2024-04-01,0.5239179946428686,NA
portfolio_A,19,fixed_income,Power,CoalCap,FJ,21502395,2024-04-01,0.6240599834671204,NA
portfolio_A,29,fixed_income,Power,HydroCap,GT,40768317,2028-09-01,0.764080594217601,NA
portfolio_A,94,fixed_income,Automotive,ICE,GT,65884979,2027-01-01,0.7965107240385318,NA
portfolio_A,9,fixed_income,Automotive,ICE,GT,28637053,2025-02-01,0.4999426935770139,NA
portfolio_A,47,fixed_income,Power,HydroCap,GT,89210960,2028-06-01,0.7792626930554997,NA
portfolio_A,22,fixed_income,Power,OilCap,FJ,96978662,2028-11-01,0.11362866963143549,NA
portfolio_A,22,fixed_income,Power,OilCap,DE,96978662,2028-11-01,0.14945889472483215,NA
portfolio_A,22,fixed_income,Power,OilCap,BM,96978662,2028-11-01,0.14514096196306264,NA
portfolio_A,22,fixed_income,Power,OilCap,ID,96978662,2028-11-01,0.14307596765976163,NA
portfolio_A,27,fixed_income,Automotive,ICE,FO,70801672,2025-11-01,0.48148122005989596,NA
portfolio_A,27,fixed_income,Automotive,ICE,GQ,70801672,2025-11-01,0.6658898989473091,NA
portfolio_A,27,fixed_income,Automotive,ICE,CU,70801672,2025-11-01,0.2514201197529284,NA
portfolio_A,27,fixed_income,Automotive,ICE,GF,70801672,2025-11-01,0.06571637628967589,NA
portfolio_A,40,fixed_income,Automotive,Electric,GT,32734721,2025-09-01,0.25610928910160363,NA
portfolio_A,65,fixed_income,Power,NuclearCap,MZ,98062435,2027-11-01,0.7251070758071145,NA
portfolio_A,65,fixed_income,Power,NuclearCap,SM,98062435,2027-11-01,0.917949968391586,NA
portfolio_A,65,fixed_income,Power,NuclearCap,CM,98062435,2027-11-01,0.38921360667689175,NA
portfolio_A,65,fixed_income,Power,NuclearCap,SR,98062435,2027-11-01,0.5017039775351667,NA
portfolio_A,93,fixed_income,Power,RenewablesCap,GT,38787073,2026-12-01,0.14893304974299135,NA
portfolio_A,83,fixed_income,Coal,Coal,GT,57234985,2022-06-01,0.8770920777748851,NA
portfolio_A,82,fixed_income,Automotive,FuelCell,GT,17203819,2029-11-01,0.21863845710397034,NA
portfolio_A,94,fixed_income,Automotive,Electric,GT,41673534,2022-07-01,0.49026203057533674,NA
portfolio_A,45,fixed_income,Automotive,Electric,GT,84776125,2023-03-01,0.8353025628351485,NA
portfolio_A,17,fixed_income,Power,RenewablesCap,GT,96275396,2023-08-01,0.879696237301149,NA
portfolio_A,54,fixed_income,Power,GasCap,GT,69619863,2027-09-01,0.1596165178192441,NA
portfolio_A,43,fixed_income,Oil&Gas,Oil,GT,87894097,2024-08-01,0.6990099266872439,NA
portfolio_A,14,fixed_income,Automotive,ICE,GT,63268312,2023-01-01,0.49992753420663777,NA
portfolio_A,86,fixed_income,Power,CoalCap,MZ,31350887,2022-09-01,0.06629772320751463,NA
portfolio_A,86,fixed_income,Power,CoalCap,SN,31350887,2022-09-01,0.2655964009205535,NA
portfolio_A,68,fixed_income,Automotive,ICE,GT,24656263,2025-06-01,0.053586458550079166,NA
portfolio_A,3,fixed_income,Power,CoalCap,GT,93509877,2028-11-01,0.5867043795878504,NA
portfolio_A,89,fixed_income,Power,OilCap,GT,40998820,2026-02-01,0.5178450066083246,NA
portfolio_A,16,fixed_income,Automotive,FuelCell,GT,74092264,2024-09-01,0.37675859868546485,NA
portfolio_A,91,fixed_income,Power,OilCap,LK,1638062,2024-08-01,0.6788999654142637,NA
portfolio_A,91,fixed_income,Power,OilCap,GA,1638062,2024-08-01,0.24439423831605325,NA
portfolio_A,25,fixed_income,Power,CoalCap,GT,78523456,2025-07-01,0.29926189288368393,NA
portfolio_A,90,fixed_income,Power,GasCap,GT,13842970,2024-01-01,0.914507283970618,NA
portfolio_A,43,fixed_income,Power,CoalCap,GT,70002245,2024-07-01,0.7687462588471405,NA
portfolio_A,36,fixed_income,Power,RenewablesCap,GT,50752338,2025-12-01,0.9453854212989552,NA
portfolio_A,47,fixed_income,Power,NuclearCap,GT,32788285,2023-02-01,0.3968293487169206,NA
portfolio_A,38,fixed_income,Power,HydroCap,VA,27947909,2024-08-01,0.21686602777573752,NA
portfolio_A,38,fixed_income,Power,HydroCap,IE,27947909,2024-08-01,0.5198488507370438,NA
portfolio_A,38,fixed_income,Power,HydroCap,NP,27947909,2024-08-01,0.7489698982516765,NA
portfolio_A,38,fixed_income,Power,HydroCap,SL,27947909,2024-08-01,0.3164704516220402,NA
portfolio_A,88,fixed_income,Oil&Gas,Oil,GT,4204531,2022-08-01,0.4900800417623721,NA
portfolio_A,87,fixed_income,Power,CoalCap,GU,79931650,2024-07-01,0.8516582810866768,NA
portfolio_A,87,fixed_income,Power,CoalCap,ES,79931650,2024-07-01,0.28778632564457496,NA
portfolio_A,87,fixed_income,Power,CoalCap,TV,79931650,2024-07-01,0.007875266019459521,NA
portfolio_A,87,fixed_income,Power,CoalCap,LA,79931650,2024-07-01,0.8101436301723265,NA
portfolio_A,66,fixed_income,Automotive,Electric,GT,14172078,2028-05-01,0.3376413283072945,NA
portfolio_A,50,fixed_income,Automotive,Hybrid,GT,26868926,2029-03-01,0.07542065716618163,NA
portfolio_A,28,fixed_income,Oil&Gas,Oil,MR,44503665,2025-10-01,0.2259552853429405,NA
portfolio_A,28,fixed_income,Oil&Gas,Oil,LR,44503665,2025-10-01,0.036205972076530826,NA
portfolio_A,1,fixed_income,Power,CoalCap,GT,50512249,2022-07-01,0.9805750117122497,NA
portfolio_A,58,fixed_income,Power,OilCap,SH,43052787,2023-12-01,0.6552344916202266,NA
portfolio_A,58,fixed_income,Power,OilCap,CY,43052787,2023-12-01,0.5867008005151965,NA
portfolio_A,71,fixed_income,Power,NuclearCap,GT,8706312,2029-11-01,0.6820836385498784,NA
portfolio_A,73,fixed_income,Automotive,Hybrid,GT,51087380,2026-12-01,0.5576401664322231,NA
portfolio_A,62,fixed_income,Power,NuclearCap,NP,7331486,2022-06-01,0.6732602002360486,NA
portfolio_A,99,fixed_income,Power,RenewablesCap,PY,81624655,2025-03-01,0.2984334665524859,NA
portfolio_A,99,fixed_income,Power,RenewablesCap,DZ,81624655,2025-03-01,0.17803067269899575,NA
portfolio_A,99,fixed_income,Power,RenewablesCap,YT,81624655,2025-03-01,0.3552826749743373,NA
portfolio_A,99,fixed_income,Power,RenewablesCap,TJ,81624655,2025-03-01,0.050977943926626156,NA
portfolio_A,99,fixed_income,Power,RenewablesCap,BL,81624655,2025-03-01,0.039189466039485976,NA
portfolio_A,13,fixed_income,Oil&Gas,Gas,KG,36243753,2024-01-01,0.6867791869925278,NA
portfolio_A,13,fixed_income,Oil&Gas,Gas,PN,36243753,2024-01-01,0.1846638480024853,NA
portfolio_A,13,fixed_income,Oil&Gas,Gas,WS,36243753,2024-01-01,0.08525886385871806,NA
portfolio_A,13,fixed_income,Oil&Gas,Gas,AS,36243753,2024-01-01,0.40767438868699807,NA
portfolio_A,13,fixed_income,Oil&Gas,Gas,BZ,36243753,2024-01-01,0.9784223047503884,NA
portfolio_A,18,fixed_income,Coal,Coal,GT,80101492,2028-11-01,0.4475332395662923,NA
portfolio_A,72,fixed_income,Power,GasCap,BH,86075462,2024-02-01,0.1050780760028197,NA
portfolio_A,72,fixed_income,Power,GasCap,BS,86075462,2024-02-01,0.006582435919307071,NA
portfolio_A,64,fixed_income,Power,CoalCap,ME,65713259,2029-07-01,0.3726420297386697,NA
portfolio_A,48,fixed_income,Power,GasCap,TH,71324123,2029-03-01,0.09743600617210103,NA
portfolio_A,48,fixed_income,Power,GasCap,MN,71324123,2029-03-01,0.7086391082724773,NA
portfolio_A,48,fixed_income,Power,GasCap,DO,71324123,2029-03-01,0.5220987346902985,NA
portfolio_A,50,fixed_income,Power,NuclearCap,GT,24720635,2029-03-01,0.49851268827636824,NA
portfolio_A,61,fixed_income,Power,NuclearCap,BW,4706028,2025-06-01,0.8209077854752987,NA
portfolio_A,61,fixed_income,Power,NuclearCap,AX,4706028,2025-06-01,0.43998511247649624,NA
portfolio_A,61,fixed_income,Power,NuclearCap,SV,4706028,2025-06-01,0.9772964337794929,NA
portfolio_A,61,fixed_income,Power,NuclearCap,MP,4706028,2025-06-01,0.6794765623541418,NA
portfolio_A,61,fixed_income,Power,NuclearCap,BD,4706028,2025-06-01,0.12666897521106224,NA
portfolio_A,6,fixed_income,Power,HydroCap,SI,22118676,2028-06-01,0.9544309621188488,NA
portfolio_A,6,fixed_income,Power,HydroCap,NA,22118676,2028-06-01,0.2579963251232119,NA
portfolio_A,6,fixed_income,Power,HydroCap,TO,22118676,2028-06-01,0.18861369228048155,NA
portfolio_A,75,fixed_income,Power,RenewablesCap,SK,53127331,2026-08-01,0.5934327579445365,NA
portfolio_A,75,fixed_income,Power,RenewablesCap,OM,53127331,2026-08-01,0.19664320301241073,NA
portfolio_A,75,fixed_income,Power,RenewablesCap,LS,53127331,2026-08-01,0.5539231001781317,NA
portfolio_A,75,fixed_income,Power,RenewablesCap,MT,53127331,2026-08-01,0.8261007626182258,NA
portfolio_A,75,fixed_income,Power,RenewablesCap,TV,53127331,2026-08-01,0.18235724790142616,NA
portfolio_A,75,fixed_income,Power,RenewablesCap,VG,53127331,2026-08-01,0.16539224165783944,NA
portfolio_A,75,fixed_income,Power,RenewablesCap,AL,53127331,2026-08-01,0.7486148981097043,NA
portfolio_A,75,fixed_income,Power,RenewablesCap,NE,53127331,2026-08-01,0.38895828924969955,NA
portfolio_A,95,fixed_income,Power,OilCap,PA,78379534,2028-10-01,0.05407921433933914,NA
portfolio_A,95,fixed_income,Power,OilCap,EC,78379534,2028-10-01,0.2707719718773934,NA
portfolio_A,95,fixed_income,Power,OilCap,VG,78379534,2028-10-01,0.49031946034906393,NA
portfolio_A,95,fixed_income,Power,OilCap,GA,78379534,2028-10-01,0.5034404384870796,NA
portfolio_A,95,fixed_income,Power,OilCap,LA,78379534,2028-10-01,0.15096452155588377,NA
portfolio_A,95,fixed_income,Power,OilCap,CF,78379534,2028-10-01,0.6337551271378475,NA
portfolio_A,36,fixed_income,Power,GasCap,GT,26070130,2027-10-01,0.749866662937917,NA
portfolio_A,57,fixed_income,Power,CoalCap,BV,34980872,2025-02-01,0.6946376740706541,NA
portfolio_A,57,fixed_income,Power,CoalCap,TG,34980872,2025-02-01,0.37467026706826084,NA
portfolio_A,65,fixed_income,Power,HydroCap,MZ,10375106,2029-06-01,0.35061964738466755,NA
portfolio_A,65,fixed_income,Power,HydroCap,SM,10375106,2029-06-01,0.4699461028912189,NA
portfolio_A,65,fixed_income,Power,HydroCap,CM,10375106,2029-06-01,0.07977758091168667,NA
portfolio_A,65,fixed_income,Power,HydroCap,SR,10375106,2029-06-01,0.9042162307566156,NA
portfolio_A,38,fixed_income,Power,GasCap,VA,94725175,2028-01-01,0.7557415405000701,NA
portfolio_A,38,fixed_income,Power,GasCap,IE,94725175,2028-01-01,0.31537472849420456,NA
portfolio_A,38,fixed_income,Power,GasCap,NP,94725175,2028-01-01,0.13305399821758673,NA
portfolio_A,38,fixed_income,Power,GasCap,SL,94725175,2028-01-01,0.7711519186081773,NA
portfolio_A,8,fixed_income,Automotive,Hybrid,GT,90193011,2029-02-01,0.7592986467468826,NA
portfolio_A,95,fixed_income,Automotive,Hybrid,PA,26812878,2027-05-01,0.28025384570535344,NA
portfolio_A,95,fixed_income,Automotive,Hybrid,EC,26812878,2027-05-01,0.505241027750337,NA
portfolio_A,95,fixed_income,Automotive,Hybrid,VG,26812878,2027-05-01,0.1487962237884636,NA
portfolio_A,95,fixed_income,Automotive,Hybrid,GA,26812878,2027-05-01,0.5422980435586187,NA
portfolio_A,95,fixed_income,Automotive,Hybrid,LA,26812878,2027-05-01,0.6014339620581357,NA
portfolio_A,95,fixed_income,Automotive,Hybrid,CF,26812878,2027-05-01,0.19008000542452555,NA
portfolio_A,11,fixed_income,Oil&Gas,Gas,GN,28839572,2025-09-01,0.5576976811891352,NA
portfolio_A,11,fixed_income,Oil&Gas,Gas,SE,28839572,2025-09-01,0.956428206895805,NA
portfolio_A,23,fixed_income,Power,GasCap,KG,73088506,2029-09-01,0.48443634640289246,NA
portfolio_A,34,fixed_income,Power,HydroCap,GT,26622104,2027-01-01,0.46885828063844426,NA
portfolio_A,62,fixed_income,Power,CoalCap,NP,72452203,2023-01-01,0.7488950248061285,NA
portfolio_A,91,fixed_income,Power,GasCap,LK,70541577,2029-12-01,0.5112075590953551,NA
portfolio_A,91,fixed_income,Power,GasCap,GA,70541577,2029-12-01,0.5174126997077478,NA
portfolio_A,9,fixed_income,Power,OilCap,GT,87620486,2027-01-01,0.9570961146590101,NA
portfolio_A,7,fixed_income,Coal,Coal,KN,76708097,2028-06-01,0.9595099905477994,NA
portfolio_B,7,fixed_income,Coal,Coal,CO,76708097,2028-06-01,0.03369893179966059,NA
portfolio_B,7,fixed_income,Coal,Coal,IL,76708097,2028-06-01,0.3094247628166501,NA
portfolio_B,85,fixed_income,Automotive,Hybrid,GT,65653793,2027-07-01,0.4657527412758803,NA
portfolio_B,52,fixed_income,Power,CoalCap,LY,47301832,2024-07-01,0.876363312039556,NA
portfolio_B,52,fixed_income,Power,CoalCap,OM,47301832,2024-07-01,0.4401138820250931,NA
portfolio_B,52,fixed_income,Power,CoalCap,ML,47301832,2024-07-01,0.9768285401120211,NA
portfolio_B,52,fixed_income,Power,CoalCap,MO,47301832,2024-07-01,0.9461948223397703,NA
portfolio_B,52,fixed_income,Power,CoalCap,CK,47301832,2024-07-01,0.509254558427116,NA
portfolio_B,52,fixed_income,Power,CoalCap,AF,47301832,2024-07-01,0.1350788792934499,NA
portfolio_B,52,fixed_income,Power,CoalCap,TL,47301832,2024-07-01,0.7779447833697379,NA
portfolio_B,3,fixed_income,Automotive,ICE,GT,96498522,2029-11-01,0.16548228914209412,NA
portfolio_B,100,fixed_income,Coal,Coal,GT,97116085,2026-04-01,0.9406922572749272,NA
portfolio_B,51,fixed_income,Automotive,Hybrid,TN,18870979,2023-08-01,0.4647942750720938,NA
portfolio_B,51,fixed_income,Automotive,Hybrid,MQ,18870979,2023-08-01,0.551758537247066,NA
portfolio_B,51,fixed_income,Automotive,Hybrid,RW,18870979,2023-08-01,0.6746769968214504,NA
portfolio_B,51,fixed_income,Automotive,Hybrid,UM,18870979,2023-08-01,0.12851550521993685,NA
portfolio_B,51,fixed_income,Automotive,Hybrid,MD,18870979,2023-08-01,0.5607660882549917,NA
portfolio_B,72,fixed_income,Power,RenewablesCap,BH,81086259,2022-03-01,0.27419286870522247,NA
portfolio_B,72,fixed_income,Power,RenewablesCap,BS,81086259,2022-03-01,0.526815477473607,NA
portfolio_B,26,fixed_income,Power,CoalCap,TD,79499232,2029-06-01,0.2610046893570277,NA
portfolio_B,26,fixed_income,Power,CoalCap,GS,79499232,2029-06-01,0.5493019704627833,NA
portfolio_B,81,fixed_income,Power,GasCap,GT,91990934,2029-04-01,0.4319352977482893,NA
portfolio_B,99,fixed_income,Coal,Coal,PY,28357614,2027-11-01,0.49428733619625614,NA
portfolio_B,99,fixed_income,Coal,Coal,DZ,28357614,2027-11-01,0.21904651376169046,NA
portfolio_B,99,fixed_income,Coal,Coal,YT,28357614,2027-11-01,0.5744303606346044,NA
portfolio_B,99,fixed_income,Coal,Coal,TJ,28357614,2027-11-01,0.01631528092483467,NA
portfolio_B,99,fixed_income,Coal,Coal,BL,28357614,2027-11-01,0.16413473429463216,NA
portfolio_B,90,fixed_income,Oil&Gas,Gas,GT,84252917,2026-07-01,0.1527424156521532,NA
portfolio_B,99,fixed_income,Power,HydroCap,PY,34949369,2027-04-01,0.40119840852689426,NA
portfolio_B,99,fixed_income,Power,HydroCap,DZ,34949369,2027-04-01,0.0056716632102231145,NA
portfolio_B,99,fixed_income,Power,HydroCap,YT,34949369,2027-04-01,0.5911474441522406,NA
portfolio_B,99,fixed_income,Power,HydroCap,TJ,34949369,2027-04-01,0.011269808281074795,NA
portfolio_B,99,fixed_income,Power,HydroCap,BL,34949369,2027-04-01,0.22218541100339798,NA
portfolio_B,80,fixed_income,Power,OilCap,GT,30223668,2029-11-01,0.2629553912883222,NA
portfolio_B,53,fixed_income,Oil&Gas,Gas,CF,60337353,2026-04-01,0.19183540831345097,NA
portfolio_B,53,fixed_income,Oil&Gas,Gas,ER,60337353,2026-04-01,0.0680525260918714,NA
portfolio_B,2,fixed_income,Power,GasCap,LU,72898628,2023-07-01,0.34654390831803134,NA
portfolio_B,2,fixed_income,Power,GasCap,AI,72898628,2023-07-01,0.6005975845604578,NA
portfolio_B,2,fixed_income,Power,GasCap,CU,72898628,2023-07-01,0.5503411592835471,NA
portfolio_B,24,fixed_income,Power,CoalCap,GT,63908903,2026-02-01,0.7303812172467498,NA
portfolio_B,63,fixed_income,Automotive,Electric,GT,26195149,2028-09-01,0.4106446560067499,NA
portfolio_B,82,fixed_income,Power,NuclearCap,GT,38974458,2023-05-01,0.8477579596537502,NA
portfolio_B,18,fixed_income,Power,NuclearCap,GT,22198271,2022-06-01,0.40668859119244777,NA
portfolio_B,45,fixed_income,Automotive,FuelCell,GT,79280971,2028-09-01,0.18537036653698488,NA
portfolio_B,51,fixed_income,Power,GasCap,TN,40479109,2025-02-01,0.013795995851585264,NA
portfolio_B,51,fixed_income,Power,GasCap,MQ,40479109,2025-02-01,0.03751786681544502,NA
portfolio_B,51,fixed_income,Power,GasCap,RW,40479109,2025-02-01,0.5767080264059183,NA
portfolio_B,51,fixed_income,Power,GasCap,UM,40479109,2025-02-01,0.3841717466333984,NA
portfolio_B,51,fixed_income,Power,GasCap,MD,40479109,2025-02-01,0.034865234975975636,NA
portfolio_B,4,fixed_income,Coal,Coal,GT,1147957,2026-03-01,0.3635422747690681,NA
portfolio_B,94,fixed_income,Power,CoalCap,GT,30573607,2025-02-01,0.7582807339903338,NA
portfolio_B,26,fixed_income,Oil&Gas,Gas,TD,71342225,2024-12-01,0.48914010887781856,NA
portfolio_B,26,fixed_income,Oil&Gas,Gas,GS,71342225,2024-12-01,0.4702866754495279,NA
portfolio_B,54,fixed_income,Power,RenewablesCap,GT,18024509,2028-07-01,0.975009947219245,NA
portfolio_B,75,fixed_income,Power,OilCap,SK,10126990,2022-05-01,0.7510608936842743,NA
portfolio_B,75,fixed_income,Power,OilCap,OM,10126990,2022-05-01,0.9204267041303733,NA
portfolio_B,75,fixed_income,Power,OilCap,LS,10126990,2022-05-01,0.23706502511665647,NA
portfolio_B,75,fixed_income,Power,OilCap,MT,10126990,2022-05-01,0.8592876739873418,NA
portfolio_B,75,fixed_income,Power,OilCap,TV,10126990,2022-05-01,0.464620009484409,NA
portfolio_B,75,fixed_income,Power,OilCap,VG,10126990,2022-05-01,0.029366827567935894,NA
portfolio_B,75,fixed_income,Power,OilCap,AL,10126990,2022-05-01,0.9790762850501528,NA
portfolio_B,75,fixed_income,Power,OilCap,NE,10126990,2022-05-01,0.5712638813435299,NA
portfolio_B,15,fixed_income,Automotive,FuelCell,VC,81294640,2027-10-01,0.3684014232932789,NA
portfolio_B,15,fixed_income,Automotive,FuelCell,AI,81294640,2027-10-01,0.14470753281878357,NA
portfolio_B,15,fixed_income,Automotive,FuelCell,R2,81294640,2027-10-01,0.5142570426178198,NA
portfolio_B,15,fixed_income,Automotive,FuelCell,MC,81294640,2027-10-01,0.770610112852885,NA
portfolio_B,70,fixed_income,Power,GasCap,SZ,8093659,2030-01-01,0.33103737650920956,NA
portfolio_B,70,fixed_income,Power,GasCap,IO,8093659,2030-01-01,0.01720014959500024,NA
portfolio_B,30,fixed_income,Power,NuclearCap,GT,93917379,2027-06-01,0.21154593813990433,NA
portfolio_B,93,fixed_income,Power,OilCap,GT,28880490,2029-09-01,0.40927040712599566,NA
portfolio_B,15,fixed_income,Oil&Gas,Oil,VC,54519987,2026-03-01,0.7754161922884932,NA
portfolio_B,15,fixed_income,Oil&Gas,Oil,AI,54519987,2026-03-01,0.935478166816405,NA
portfolio_B,15,fixed_income,Oil&Gas,Oil,R2,54519987,2026-03-01,0.8194122695477775,NA
portfolio_B,15,fixed_income,Oil&Gas,Oil,MC,54519987,2026-03-01,0.18950550605591598,NA
portfolio_B,5,fixed_income,Power,NuclearCap,KZ,48665721,2028-09-01,0.81531714407043,NA
portfolio_B,5,fixed_income,Power,NuclearCap,GD,48665721,2028-09-01,0.7844044763278278,NA
portfolio_B,5,fixed_income,Power,NuclearCap,SO,48665721,2028-09-01,0.9765054193746054,NA
portfolio_B,5,fixed_income,Power,NuclearCap,AD,48665721,2028-09-01,0.5093514441473741,NA
portfolio_B,13,fixed_income,Coal,Coal,KG,68571826,2027-05-01,0.4421004373143696,NA
portfolio_B,13,fixed_income,Coal,Coal,PN,68571826,2027-05-01,0.5140207469885509,NA
portfolio_B,13,fixed_income,Coal,Coal,WS,68571826,2027-05-01,0.8832242527560237,NA
portfolio_B,13,fixed_income,Coal,Coal,AS,68571826,2027-05-01,0.671783849530127,NA
portfolio_B,13,fixed_income,Coal,Coal,BZ,68571826,2027-05-01,0.1818762393494599,NA
portfolio_B,87,fixed_income,Automotive,Electric,GU,91363192,2027-12-01,0.9515424067134791,NA
portfolio_B,87,fixed_income,Automotive,Electric,ES,91363192,2027-12-01,0.6160190021007022,NA
portfolio_B,87,fixed_income,Automotive,Electric,TV,91363192,2027-12-01,0.4940745701990019,NA
portfolio_B,87,fixed_income,Automotive,Electric,LA,91363192,2027-12-01,0.20659901013473841,NA
portfolio_B,39,fixed_income,Power,NuclearCap,LR,38535385,2024-04-01,0.36953458558861024,NA
portfolio_B,39,fixed_income,Power,NuclearCap,BT,38535385,2024-04-01,0.3705473660592815,NA
portfolio_B,68,fixed_income,Automotive,FuelCell,GT,35327999,2029-06-01,0.5133968793744192,NA
portfolio_B,37,fixed_income,Power,HydroCap,CW,27533279,2024-09-01,0.5943549118811424,NA
portfolio_B,37,fixed_income,Power,HydroCap,GS,27533279,2024-09-01,0.2992352409927382,NA
portfolio_B,26,fixed_income,Automotive,FuelCell,TD,9820824,2026-08-01,0.9527922332265837,NA
portfolio_B,26,fixed_income,Automotive,FuelCell,GS,9820824,2026-08-01,0.7475907748285672,NA
portfolio_B,29,fixed_income,Power,GasCap,GT,11028825,2027-05-01,0.2056806902203412,NA
portfolio_B,10,fixed_income,Power,NuclearCap,GT,89373526,2028-09-01,0.2604837179862194,NA
portfolio_B,27,fixed_income,Oil&Gas,Oil,FO,56641849,2022-07-01,0.851761278145669,NA
portfolio_B,27,fixed_income,Oil&Gas,Oil,GQ,56641849,2022-07-01,0.03266039839715863,NA
portfolio_B,27,fixed_income,Oil&Gas,Oil,CU,56641849,2022-07-01,0.31317790664463324,NA
portfolio_B,27,fixed_income,Oil&Gas,Oil,GF,56641849,2022-07-01,0.24898184530816245,NA
portfolio_B,4,fixed_income,Power,NuclearCap,GT,71175518,2026-08-01,0.37767677913430653,NA
portfolio_B,67,fixed_income,Power,GasCap,GT,39936665,2025-12-01,0.6203159279504807,NA
portfolio_B,28,fixed_income,Power,GasCap,MR,64513695,2024-10-01,0.8356477668606206,NA
portfolio_B,28,fixed_income,Power,GasCap,LR,64513695,2024-10-01,0.8309151510810132,NA
portfolio_B,56,fixed_income,Power,OilCap,IT,49719927,2024-01-01,0.9867781651150991,NA
portfolio_B,49,fixed_income,Power,RenewablesCap,GT,64670080,2023-10-01,0.4299782877363669,NA
portfolio_B,91,equity,Power,GasCap,GT,70541577,NA,0.8418840457776311,NA
portfolio_B,64,equity,Power,CoalCap,GT,65713259,NA,0.04883341025167877,NA
portfolio_B,35,equity,Power,OilCap,GT,87861996,NA,0.05449859867353316,NA
portfolio_B,23,equity,Power,GasCap,GT,73088506,NA,0.815256103791912,NA
portfolio_B,4,equity,Power,NuclearCap,GT,71175518,NA,0.648499195399457,NA
portfolio_B,25,equity,Power,CoalCap,GT,78523456,NA,0.5451102512348048,NA
portfolio_B,44,equity,Power,RenewablesCap,GT,92529670,NA,0.9316973054316203,NA
portfolio_B,75,equity,Power,GasCap,GT,34781149,NA,0.44910836238634666,NA
portfolio_B,99,equity,Power,HydroCap,GT,34949369,NA,0.930516572110505,NA
portfolio_B,99,equity,Coal,Coal,GT,28357614,NA,0.520320628950974,NA
portfolio_B,66,equity,Power,CoalCap,GT,69521965,NA,0.7253190967463091,NA
portfolio_B,64,equity,Power,HydroCap,GT,56478470,NA,0.6694675296810189,NA
portfolio_B,18,equity,Coal,Coal,GT,80101492,NA,0.786097015641465,NA
portfolio_B,46,equity,Power,HydroCap,GT,16381160,NA,0.1206866681929543,NA
portfolio_B,3,equity,Oil&Gas,Oil,GT,73558766,NA,0.8024135112427675,NA
portfolio_B,65,equity,Automotive,Electric,GT,89117884,NA,0.12229202849586628,NA
portfolio_B,67,equity,Power,GasCap,GT,39936665,NA,0.9581875520731884,NA
portfolio_B,57,equity,Power,CoalCap,GT,34980872,NA,0.1210229406021061,NA
portfolio_B,40,equity,Automotive,Electric,GT,32734721,NA,0.511217888394029,NA
portfolio_B,29,equity,Power,HydroCap,GT,40768317,NA,0.29433397456924787,NA
portfolio_B,99,equity,Oil&Gas,Oil,GT,16104028,NA,0.4516526902579637,NA
portfolio_B,63,equity,Automotive,FuelCell,GT,65579074,NA,0.3783720181882755,NA
portfolio_B,45,equity,Automotive,Electric,GT,84776125,NA,0.7181686273991967,NA
portfolio_B,80,equity,Power,OilCap,GT,30223668,NA,0.9600405761943751,NA
portfolio_B,86,equity,Power,CoalCap,GT,31350887,NA,0.05040604550913657,NA
portfolio_B,83,equity,Automotive,Electric,GT,79126268,NA,0.3136600593263823,NA
portfolio_B,47,equity,Power,HydroCap,GT,89210960,NA,0.8571105298196169,NA
portfolio_B,73,equity,Power,GasCap,GT,82192663,NA,0.3939195938486177,NA
portfolio_B,45,equity,Automotive,FuelCell,GT,79280971,NA,0.5204324698491338,NA
portfolio_B,66,equity,Automotive,Electric,GT,14172078,NA,0.20512330832782066,NA
portfolio_B,28,equity,Power,GasCap,GT,64513695,NA,0.648794760630199,NA
portfolio_B,72,equity,Power,RenewablesCap,GT,81086259,NA,0.6476900469798903,NA
portfolio_B,32,equity,Automotive,Electric,GT,15307427,NA,0.7802780167352913,NA
portfolio_B,98,equity,Automotive,Electric,GT,69449456,NA,0.5776519893560824,NA
portfolio_B,83,equity,Power,RenewablesCap,GT,66868808,NA,0.4284054152244833,NA
portfolio_B,50,equity,Automotive,Hybrid,GT,26868926,NA,0.6921505501270401,NA
portfolio_B,2,equity,Power,GasCap,GT,72898628,NA,0.004880120745435826,NA
portfolio_B,92,equity,Power,CoalCap,GT,55716906,NA,0.7597301231405535,NA
portfolio_B,69,equity,Power,GasCap,GT,55158147,NA,0.6816612483720751,NA
portfolio_B,87,equity,Power,CoalCap,GT,79931650,NA,0.5583268002984341,NA
portfolio_B,24,equity,Power,HydroCap,GT,23318087,NA,0.46257939976724605,NA
portfolio_B,58,equity,Power,GasCap,GT,27483022,NA,0.08857378292965526,NA
portfolio_B,12,equity,Power,CoalCap,GT,73812865,NA,0.09567436435324891,NA
portfolio_B,72,equity,Power,GasCap,GT,86075462,NA,0.7352316676837759,NA
portfolio_B,27,equity,Automotive,ICE,GT,70801672,NA,0.8201362950840329,NA
portfolio_B,19,equity,Power,CoalCap,GT,21502395,NA,0.565863642319764,NA
portfolio_B,7,equity,Coal,Coal,GT,76708097,NA,0.6732182075996553,NA
portfolio_B,90,equity,Oil&Gas,Gas,GT,84252917,NA,0.12955753271190776,NA
portfolio_B,15,equity,Coal,Coal,GT,63607291,NA,0.3630192966309423,NA
portfolio_B,11,equity,Oil&Gas,Gas,GT,28839572,NA,0.5485080566178906,NA
portfolio_B,29,equity,Power,GasCap,GT,11028825,NA,0.07443098932784224,NA
portfolio_B,59,equity,Oil&Gas,Gas,GT,41770605,NA,0.2683935956768384,NA
portfolio_B,25,equity,Power,GasCap,GT,38292536,NA,0.2995510950857662,NA
portfolio_B,50,equity,Power,NuclearCap,GT,24720635,NA,0.9259113288956327,NA
portfolio_B,10,equity,Automotive,ICE,GT,81387439,NA,0.7104581684563551,NA
portfolio_B,73,equity,Automotive,Hybrid,GT,51087380,NA,0.23341168041877516,NA
portfolio_B,55,equity,Automotive,ICE,GT,73800514,NA,0.7025390480876759,NA
portfolio_B,99,equity,Power,RenewablesCap,GT,81624655,NA,0.24330790198844626,NA
portfolio_B,94,equity,Automotive,ICE,GT,65884979,NA,0.7436031931270207,NA
portfolio_B,5,equity,Power,CoalCap,GT,39217273,NA,0.3024768288883108,NA
portfolio_B,83,equity,Coal,Coal,GT,57234985,NA,0.3808989580345955,NA
portfolio_B,86,equity,Power,HydroCap,GT,71635469,NA,0.7355694853899095,NA
portfolio_B,42,equity,Power,CoalCap,GT,64991312,NA,0.8184612138777164,NA
portfolio_B,94,equity,Power,CoalCap,GT,30573607,NA,0.9373248465353835,NA
portfolio_B,70,equity,Power,GasCap,GT,8093659,NA,0.8864397254352842,NA
portfolio_B,15,equity,Automotive,FuelCell,GT,81294640,NA,0.25716070618777087,NA
portfolio_B,89,equity,Power,CoalCap,GT,67946303,NA,0.32711887775510395,NA
portfolio_B,85,equity,Power,RenewablesCap,GT,1727466,NA,0.028550893764921887,NA
portfolio_B,17,equity,Power,RenewablesCap,GT,96275396,NA,0.6902400417497555,NA
portfolio_B,31,equity,Coal,Coal,GT,77463234,NA,0.5004336374782051,NA
portfolio_B,98,equity,Automotive,FuelCell,GT,63636922,NA,0.8635985722368753,NA
portfolio_B,75,equity,Power,RenewablesCap,GT,53127331,NA,0.9036897047451422,NA
portfolio_B,52,equity,Power,CoalCap,GT,47301832,NA,0.6694708412312632,NA
portfolio_B,43,equity,Power,CoalCap,GT,70002245,NA,0.0948746255513139,NA
portfolio_B,82,equity,Power,NuclearCap,GT,38974458,NA,0.586045049072726,NA
portfolio_B,16,equity,Power,OilCap,GT,72898906,NA,0.818075277528125,NA
portfolio_B,3,equity,Automotive,ICE,GT,96498522,NA,0.795373664856718,NA
portfolio_B,56,equity,Power,HydroCap,GT,79363553,NA,0.2028306310335893,NA
portfolio_B,60,equity,Power,RenewablesCap,GT,11912306,NA,0.775219554004262,NA
portfolio_B,30,equity,Power,OilCap,GT,66404083,NA,0.1936369822175002,NA
portfolio_B,68,equity,Automotive,FuelCell,GT,35327999,NA,0.4118152309268836,NA
portfolio_B,33,equity,Oil&Gas,Oil,GT,42755980,NA,0.37180710859666766,NA
portfolio_B,88,equity,Power,GasCap,GT,30066797,NA,0.673201171381461,NA
portfolio_B,64,equity,Power,RenewablesCap,GT,73378769,NA,0.20634037091275356,NA
portfolio_B,6,equity,Power,NuclearCap,GT,75260299,NA,0.7876781399041896,NA
portfolio_B,68,equity,Automotive,ICE,GT,24656263,NA,0.9006623601572576,NA
portfolio_B,30,equity,Automotive,FuelCell,GT,90749059,NA,0.34516494089145333,NA
portfolio_B,79,equity,Automotive,ICE,GT,34508703,NA,0.6421583804128999,NA
portfolio_B,9,equity,Power,OilCap,GT,87620486,NA,0.20517233244965155,NA
portfolio_B,51,equity,Power,GasCap,GT,40479109,NA,0.8384556045384565,NA
portfolio_B,94,equity,Automotive,Electric,GT,41673534,NA,0.8032071931883391,NA
portfolio_B,80,equity,Automotive,Hybrid,GT,69943612,NA,0.07662920676429148,NA
portfolio_B,84,equity,Power,OilCap,GT,69808639,NA,0.09686429122515863,NA
portfolio_B,81,equity,Power,GasCap,GT,91990934,NA,0.06636437074642318,NA
portfolio_B,65,equity,Power,NuclearCap,GT,98062435,NA,0.8498622350477687,NA
portfolio_B,37,equity,Power,HydroCap,GT,27533279,NA,0.3125368433233162,NA
portfolio_B,19,equity,Coal,Coal,GT,70933062,NA,0.43208684209195414,NA
portfolio_B,26,equity,Automotive,FuelCell,GT,9820824,NA,0.07015488319421709,NA
portfolio_B,97,equity,Power,CoalCap,GT,38826731,NA,0.56214056647393,NA
portfolio_B,54,equity,Power,NuclearCap,GT,41762480,NA,0.5987126908136016,NA
portfolio_B,91,equity,Power,OilCap,GT,1638062,NA,0.9750866963484581,NA
portfolio_B,75,equity,Power,HydroCap,GT,48413891,NA,0.30201294014074004,NA
portfolio_B,95,equity,Automotive,Hybrid,GT,26812878,NA,0.11393286705829014,NA
portfolio_B,51,equity,Power,OilCap,GT,98403262,NA,0.8121596294576271,NA
portfolio_B,95,equity,Power,OilCap,GT,78379534,NA,0.7831480774713149,NA
portfolio_B,60,equity,Power,CoalCap,GT,62455710,NA,0.5603097725569357,NA
portfolio_B,58,equity,Oil&Gas,Gas,GT,46091637,NA,0.03348648850567844,NA
portfolio_B,63,equity,Automotive,Electric,GT,26195149,NA,0.36011481910200793,NA
portfolio_B,26,equity,Oil&Gas,Oil,GT,62001700,NA,0.0956064725673808,NA
portfolio_B,45,equity,Coal,Coal,GT,71316165,NA,0.23222449722316998,NA
portfolio_B,48,equity,Power,NuclearCap,GT,21396248,NA,0.49904351234152305,NA
portfolio_B,12,equity,Oil&Gas,Gas,GT,80923163,NA,0.20818645900906657,NA
portfolio_B,88,equity,Oil&Gas,Oil,GT,4204531,NA,0.5249709211700985,NA
portfolio_B,48,equity,Power,GasCap,GT,71324123,NA,0.034410186807943534,NA
portfolio_B,90,equity,Power,GasCap,GT,13842970,NA,0.5395151220192802,NA
portfolio_B,71,equity,Power,HydroCap,GT,57673755,NA,0.8999028179361309,NA
portfolio_B,80,equity,Power,GasCap,GT,93778278,NA,0.6968456052015557,NA
portfolio_B,54,equity,Automotive,ICE,GT,72980454,NA,0.08405476807799021,NA
portfolio_B,93,equity,Power,RenewablesCap,GT,38787073,NA,0.6311182856397985,NA
portfolio_B,28,equity,Oil&Gas,Oil,GT,44503665,NA,0.3102165921287903,NA
portfolio_B,92,equity,Power,HydroCap,GT,80605268,NA,0.01990589499372522,NA
portfolio_B,53,equity,Oil&Gas,Gas,GT,60337353,NA,0.033968712433604435,NA
portfolio_B,8,equity,Power,RenewablesCap,GT,55881352,NA,0.41986840586693946,NA
portfolio_B,26,equity,Power,CoalCap,GT,79499232,NA,0.9638016248555402,NA
portfolio_B,47,equity,Power,NuclearCap,GT,32788285,NA,0.4543821115063475,NA
portfolio_B,36,equity,Power,RenewablesCap,GT,50752338,NA,0.5246621495524191,NA
portfolio_B,16,equity,Power,NuclearCap,GT,43176483,NA,0.5333255789645348,NA
portfolio_B,38,equity,Power,GasCap,GT,94725175,NA,0.08711634435842387,NA
portfolio_B,19,equity,Automotive,Electric,GT,13171726,NA,0.7259628995529791,NA
portfolio_B,6,equity,Automotive,FuelCell,GT,98290172,NA,0.5480192445140725,NA
portfolio_B,31,equity,Oil&Gas,Oil,GT,17079263,NA,0.8576271165237443,NA
portfolio_B,93,equity,Power,GasCap,GT,64185330,NA,0.3955532288720615,NA
portfolio_B,15,equity,Oil&Gas,Oil,GT,54519987,NA,0.4873659417016617,NA
portfolio_B,95,equity,Oil&Gas,Gas,GT,22653735,NA,0.42027390092191835,NA
portfolio_B,30,equity,Power,NuclearCap,GT,93917379,NA,0.8114396300288613,NA
portfolio_B,14,equity,Oil&Gas,Oil,GT,45059025,NA,0.6853409338991623,NA
portfolio_B,16,equity,Automotive,FuelCell,GT,74092264,NA,0.998109339636593,NA
portfolio_B,61,equity,Power,OilCap,GT,43342318,NA,0.12518477438716005,NA
portfolio_B,81,equity,Power,RenewablesCap,GT,99923418,NA,0.10482382168034635,NA
portfolio_B,31,equity,Power,HydroCap,GT,35844903,NA,0.41296787649047395,NA
portfolio_B,39,equity,Power,RenewablesCap,GT,22956032,NA,0.28205044867516116,NA
portfolio_B,46,equity,Oil&Gas,Gas,GT,18375047,NA,0.10717959561334024,NA
portfolio_B,62,equity,Power,CoalCap,GT,72452203,NA,0.42597053754597725,NA
portfolio_B,14,equity,Automotive,ICE,GT,63268312,NA,0.8393557834532552,NA
portfolio_B,49,equity,Automotive,Hybrid,GT,28909110,NA,0.37329747524167445,NA
portfolio_B,27,equity,Oil&Gas,Oil,GT,56641849,NA,0.5442572340295185,NA
portfolio_B,37,equity,Automotive,Hybrid,GT,29553887,NA,0.28422392808855534,NA
portfolio_B,38,equity,Power,HydroCap,GT,27947909,NA,0.020482501712490296,NA
portfolio_B,100,equity,Power,HydroCap,GT,25957716,NA,0.6776430096268512,NA
portfolio_B,75,equity,Power,OilCap,GT,10126990,NA,0.773921954834036,NA
portfolio_B,13,equity,Oil&Gas,Gas,GT,36243753,NA,0.5004694323956955,NA
portfolio_B,89,equity,Power,OilCap,GT,40998820,NA,0.0704785734353871,NA
portfolio_B,84,equity,Power,GasCap,GT,99480658,NA,0.8107550064224275,NA
portfolio_B,34,equity,Oil&Gas,Gas,GT,52340495,NA,0.6806790169116627,NA
portfolio_B,100,equity,Coal,Coal,GT,97116085,NA,0.014705161796397527,NA
portfolio_B,9,equity,Automotive,ICE,GT,28637053,NA,0.21958621891891592,NA
portfolio_B,58,equity,Power,OilCap,GT,43052787,NA,0.03256146004194628,NA
portfolio_B,20,equity,Power,HydroCap,GT,81438771,NA,0.8609141708889132,NA
portfolio_B,85,equity,Automotive,Hybrid,GT,65653793,NA,0.014617329462886344,NA
portfolio_B,7,equity,Automotive,Hybrid,GT,85889401,NA,0.11416926070925996,NA
portfolio_B,21,equity,Power,OilCap,GT,79522707,NA,0.5147900210649202,NA
portfolio_B,36,equity,Power,GasCap,GT,26070130,NA,0.9640500372243342,NA
portfolio_B,8,equity,Power,OilCap,GT,61216679,NA,0.5738986138616089,NA
portfolio_B,84,equity,Power,NuclearCap,GT,5407500,NA,0.5740214962873815,NA
portfolio_B,89,equity,Power,HydroCap,GT,32532743,NA,0.38553337912006624,NA
portfolio_B,74,equity,Automotive,FuelCell,GT,50191632,NA,0.34436069425542704,NA
portfolio_B,57,equity,Oil&Gas,Gas,GT,42643916,NA,0.5256052705869758,NA
portfolio_B,61,equity,Power,NuclearCap,GT,4706028,NA,0.439696479312507,NA
portfolio_B,77,equity,Automotive,ICE,GT,21811595,NA,0.506017923770656,NA
portfolio_B,93,equity,Power,OilCap,GT,28880490,NA,0.30811031881501877,NA
portfolio_B,76,equity,Coal,Coal,GT,32523861,NA,0.7657806455791243,NA
portfolio_B,62,equity,Power,OilCap,GT,75805144,NA,0.07558121997199685,NA
portfolio_B,5,equity,Power,NuclearCap,GT,48665721,NA,0.7237138912757751,NA
portfolio_B,54,equity,Power,RenewablesCap,GT,18024509,NA,0.8489412063816635,NA
portfolio_B,8,equity,Automotive,Hybrid,GT,90193011,NA,0.44424755634078383,NA
portfolio_B,70,equity,Power,HydroCap,GT,4884044,NA,0.47409162479421074,NA
portfolio_B,41,equity,Automotive,Hybrid,GT,20631278,NA,0.79894630067463,NA
portfolio_B,56,equity,Power,OilCap,GT,49719927,NA,0.7698023514054625,NA
portfolio_B,13,equity,Coal,Coal,GT,68571826,NA,0.16944107458246707,NA
portfolio_B,4,equity,Coal,Coal,GT,1147957,NA,0.32683500737476084,NA
portfolio_B,43,equity,Power,NuclearCap,GT,38737176,NA,0.8424026511234389,NA
portfolio_B,35,equity,Power,CoalCap,GT,34628477,NA,0.11130683588702488,NA
portfolio_B,51,equity,Automotive,Hybrid,GT,18870979,NA,0.8857164868666042,NA
portfolio_B,13,equity,Power,HydroCap,GT,86329220,NA,0.7020724515197198,NA
portfolio_B,67,equity,Power,CoalCap,GT,18312401,NA,0.22121671026300943,NA
portfolio_B,54,equity,Power,GasCap,GT,69619863,NA,0.4798450441556382,NA
portfolio_B,1,equity,Power,CoalCap,GT,50512249,NA,0.7246005974453802,NA
portfolio_B,3,equity,Power,CoalCap,GT,93509877,NA,0.15584570144691748,NA
portfolio_B,21,equity,Power,HydroCap,GT,9231782,NA,0.23664933091533336,NA
portfolio_B,9,equity,Oil&Gas,Oil,GT,58396674,NA,0.8912710369605732,NA
portfolio_B,60,equity,Power,OilCap,GT,25804493,NA,0.40141874571101804,NA
portfolio_B,49,equity,Power,RenewablesCap,GT,64670080,NA,0.10136684820994803,NA
portfolio_B,9,equity,Automotive,Electric,GT,37583880,NA,0.12314083100084158,NA
portfolio_B,24,equity,Power,CoalCap,GT,63908903,NA,0.9728576903190178,NA
portfolio_B,26,equity,Oil&Gas,Gas,GT,71342225,NA,0.29538271503433594,NA
portfolio_B,22,equity,Power,GasCap,GT,84220138,NA,0.0711062627317034,NA
portfolio_B,18,equity,Power,NuclearCap,GT,22198271,NA,0.21044878822588456,NA
portfolio_B,65,equity,Power,HydroCap,GT,10375106,NA,0.34852859816819104,NA
portfolio_B,69,equity,Automotive,Electric,GT,38370174,NA,0.5673551200326022,NA
portfolio_B,39,equity,Oil&Gas,Oil,GT,15084041,NA,0.9938676963963461,NA
